date,file,title,hex1,hex2,hex3,hex4,hex5
2026-09-02,edvard-munch_vampire.jpg,edvard-munch_vampire,#574044,#434557,#ca9f89,#7f4633,#1d1a4a
2026-09-03,F1000006.JPG,F1000006,#c7d7e1,#050b06,#6a94ab,#052c20,#9a8a77
2026-09-04,edward-hopper_soir-bleu.jpg,edward-hopper_soir-bleu,#36819f,#6b775e,#31403f,#9ba79f,#dabf74
2026-09-05,F1000008.JPG,F1000008,#4b656c,#162f34,#b1adab,#88878b,#d1c6cc
2026-09-06,F1000037.JPG,F1000037,#e5cfb9,#8a9586,#613f22,#3e5a57,#9c6a33
2026-09-07,F1010002.JPG,F1010002,#244f50,#161413,#c6c8cc,#768c89,#93a366
2026-09-08,grant-wood_american-gothic.jpg,grant-wood_american-gothic,#c3ae78,#bacbb7,#545550,#392d1d,#756d40
2026-09-09,Hiking.jpg,Hiking,#0b250a,#0b1926,#27452d,#0e2835,#1b3941
2026-09-10,hiroshi-yoshida_kagurazaka-street-at-night-after-rain.jpg,hiroshi-yoshida_kagurazaka-street-at-night-after-rain,#2b2325,#38586a,#f0d2b1,#95725b,#8e422e
2026-09-11,I See You.jpg,I See You,#040537,#e4f3be,#e31138,#f00b79,#681022
2026-09-12,ivan-aivazovsky_ship-on-stormy-seas.jpg,ivan-aivazovsky_ship-on-stormy-seas,#787b7d,#1e343f,#423c39,#f6ead4,#77a098
2026-09-13,img_0708_2.jpeg,Homer Eating Cake,#511666,#eabf01,#c3cdc5,#009184,#0235dc
2026-09-14,F1000032.JPG,Torii Gate,#b0c9df,#569cbe,#676142,#b24212,#d9c99a
2026-09-15,Georgia_Oviesu_Photo_Shoot.jpg,Georgia Oviesu,#af2c3e,#6e4b45,#2d1f18,#ba8358,#c8b99e
2026-09-16,Mountains.jpg,Mountains,#160237,#fbfba4,#f1aeab,#e16aae,#7a037d
2026-09-17,ivan-aivazovsky_the-wrath-of-the-seas.jpg,Ivan Aivazovsky: The Wrath Of The Seas,#20282b,#5f7480,#675e5c,#3f4c54,#91928a
2026-09-18,748033861-R1-22-14A.jpg,Personal Collection,#556c89,#eae8ed,#54391d,#a5b8cc,#ca6b69
2026-09-19,Buttura-Paysage_historique.jpg,Buttura Paysage,#2b1505,#988c7a,#83a9d4,#f5e1b5,#756735
2026-09-20,favourite-still-shot-from-the-series-v0-rh10is0ze08b1.webp,"""Say The Line Bart""",#a95f0d,#f3c501,#db9750,#08080a,#4852de
2026-09-21,NGC2207+IC2163.jpg,NGC2207+IC2163,#00010a,#261c0f,#61543f,#827256,#b8a170
2026-09-22,Gustav_Marx_Der_Pferdepflug.jpg,Gustav Marx: Der Pferdepflug,#7d7a73,#959fa8,#d9dfbd,#a36a42,#d59b38
2026-09-23,images.jpg,El Viaje Misterioso de Nuestro Jomer (The Mysterious Voyage of Homer),#a41d0e,#480b50,#8d2406,#3d60fc,#decd1c
2026-09-24,"Henri_Le_Sidaner_(1862-1939),_L'Eau_morte,_(1901)._Pastel_on_canvas,_60.3_x_81.3_cm.jpg",Henri Le Sidaner: L'Eau_morte,#85785a,#684a0d,#faecbe,#3f281f,#b69b34
2026-09-25,F1000017.JPG,Personal Collection,#e22600,#3b352e,#e8dac8,#39424c,#5b381b
2026-09-26,China_old_map_1936.jpg,Chinese Map from 1936,#dbc58e,#6d7793,#e8f256,#62475d,#ac7d2c
2026-09-27,Cukrowicz_nachbaur_Kapelle_1.JPG,Lovely House,#955724,#eddab2,#7f471e,#cc9c64,#0a1ea8
2026-09-28,tumblr_d9c7494ba46f355a363e52ec32e68248_5f3871c5_2048.jpg,Tumblr Image,#b6babd,#351c07,#161212,#850119,#c3aa82
2026-09-29,Orlando-Ferguson-flat-earth-map_edit.jpg,Orlando-Ferguson-flat-earth-map_edit,#f9e6d8,#9fa095,#000104,#9f7957,#4b4449
2026-09-30,tumblr_8085b3ce0ac1b6665858db5956956f51_27e43609_1280.jpg,tumblr_8085b3ce0ac1b6665858db5956956f51_27e43609_1280,#414241,#5e6236,#6d0d02,#9ac986,#e84d01
2026-10-01,F1000002.JPG,F1000002,#0e0e13,#1f5f5f,#b29f5a,#6a3226,#31365f
2026-10-02,AI.jpg,AI,#627f76,#f99158,#fece7f,#f95b39,#000000
2026-10-03,Human–canine_friendship_-_girl_hugging_her_dog_tightly_at_golden_hour_in_Laos.jpg,Human–canine_friendship_-_girl_hugging_her_dog_tightly_at_golden_hour_in_Laos,#d18f61,#a8b9cc,#533825,#15253f,#7a613d
2026-10-04,Deep_Space_1_spacecraft.jpg,Deep_Space_1_spacecraft,#24180a,#5d4533,#837b83,#d89729,#f3cf81
2026-10-05,Grand_star-forming_region_R136_in_NGC_2070_(captured_by_the_Hubble_Space_Telescope).jpg,Grand_star-forming_region_R136_in_NGC_2070_(captured_by_the_Hubble_Space_Telescope),#5d3233,#a84e39,#a79b8e,#4b495f,#839abe
2026-10-06,Lars_Hansen_-_Christ_with_Crown_of_Thorns._Copy_of_Guido_Reni._-_TKM-368-1925_-_Trondheim_kunstmuseum_(cropped).jpg,Lars_Hansen_-_Christ_with_Crown_of_Thorns._Copy_of_Guido_Reni._-_TKM-368-1925_-_Trondheim_kunstmuseum_(cropped),#4b3e2d,#2b251d,#827c5e,#a49473,#726140
2026-10-07,World_Map_1689.JPG,World_Map_1689,#d2c3a2,#8d8161,#59543e,#253222,#663b23
2026-10-08,NASA_astronaut_Leland_D._Melvin_with_his_dogs_Jake_and_Scout.jpg,NASA_astronaut_Leland_D._Melvin_with_his_dogs_Jake_and_Scout,#78615e,#ff6702,#122551,#83091c,#b33202
2026-10-09,748033861-R1-17-19A.jpg,748033861-R1-17-19A,#2e3f3f,#cfc69f,#394f33,#fdfdfb,#69412e
2026-10-10,Deep_Space_2.jpg,Deep_Space_2,#000000,#f3efe9,#78583d,#aa9685,#d6a145
2026-10-11,share-your-funniest-looney-tunes-screenshots-here-v0-0uv7rsx7hsjh1.webp,share-your-funniest-looney-tunes-screenshots-here-v0-0uv7rsx7hsjh1,#e8e8e6,#844e45,#ea7434,#928d8f,#21171e
